"id","name","image_path","thumbnail_path","description","status","tags","created_by","created_at","updated_at","deleted_at"
"1","اسنوا","","","","",NULL,"","","",""
"2","امرسان","","","","",NULL,"","","",""
"3","بیضی","","","","",NULL,"","","",""
"4","پاکشوما","","","","",NULL,"","","",""
"5","تی وی","","","","",NULL,"","","",""
"6","طرح هیمالیا","","","","",NULL,"","","",""
"7","گرند صنعت","","","","",NULL,"","","",""
"8","گلدیران","","","","",NULL,"","","",""
"9","گلدیران LG","","","","",NULL,"","","",""
"10","مدیا (اشکی)","","","","",NULL,"","","",""
