"id","gender","first_name","last_name","email","password","email_verified_at","image_path","avatar_path","status","description","tags","created_by","created_at","updated_at","deleted_at"
"1","","حسن","کریمی","email1@email.com","123","2025/10/21","","","","",NULL,"","2025-10-21 13:46:36","",""
"2","","فرهاد","جعفری","email2@email.com","123","2025/10/21","","","","",NULL,"","2025-10-21 13:46:36","",""
"3","","مجتبی","امینی","email3@email.com","123","2025/10/21","","","","",NULL,"","2025-10-21 13:46:36","",""
"4","","محمد","نجفی","email4@email.com","123","2025/10/21","","","","",NULL,"","2025-10-21 13:46:36","",""
"5","","همایون","شجاعی نسب","email5@email.com","123","2025/10/21","","","","",NULL,"","2025-10-21 13:46:36","",""
"6","","محمدمهدی","وادی خیل","email6@email.com","123","2025/10/21","","","","",NULL,"","2025-10-21 13:46:36","",""
"7","","رضا","خدری","email7@email.com","123","2025/10/21","","","","",NULL,"","2025-10-21 13:46:36","",""
"8","","میلاد","رمضانی","email8@email.com","123","2025/10/21","","","","",NULL,"","2025-10-21 13:46:36","",""
"9","","علی","حسن زاده","email9@email.com","123","2025/10/21","","","","",NULL,"","2025-10-21 13:46:36","",""
"10","","محمد","محمدی","email10@email.com","123","2025/10/21","","","","",NULL,"","2025-10-21 13:46:36","",""
"11","","مینا","حبیب زاده","email11@email.com","123","2025/10/21","","","","",NULL,"","2025-10-21 13:46:36","",""
"12","","فاطمه","بیک پور","email12@email.com","123","2025/10/21","","","","",NULL,"","2025-10-21 13:46:36","",""
"13","","احسان","اکبری","email13@email.com","123","2025/10/21","","","","",NULL,"","2025-10-21 13:46:36","",""
"14","","حمید","کریمی","email14@email.com","123","2025/10/21","","","","",NULL,"","2025-10-21 13:46:36","",""
"15","","حمید","اینانلو","email15@email.com","123","2025/10/21","","","","",NULL,"","2025-10-21 13:46:36","",""
"16","","سید علیرضا","شکر خدایی","email16@email.com","123","2025/10/21","","","","",NULL,"","2025-10-21 13:46:36","",""
"17","","کوروش","مهدوی","email17@email.com","123","2025/10/21","","","","",NULL,"","2025-10-21 13:46:36","",""
"18","","یونس","رستمی","email18@email.com","123","2025/10/21","","","","",NULL,"","2025-10-21 13:46:36","",""
"19","","احمد رضا","سالمی","email19@email.com","123","2025/10/21","","","","",NULL,"","2025-10-21 13:46:36","",""
"20","","رحیم","امینی","email20@email.com","123","2025/10/21","","","","",NULL,"","2025-10-21 13:46:36","",""
"21","","میلاد","سر زارع","email21@email.com","123","2025/10/21","","","","",NULL,"","2025-10-21 13:46:36","",""
"22","","احمد","بهزادی","email22@email.com","123","2025/10/21","","","","",NULL,"","2025-10-21 13:46:36","",""
"23","","محمدرضا","گوهرنیا","email23@email.com","123","2025/10/21","","","","",NULL,"","2025-10-21 13:46:36","",""
"24","","بهزاد","فرخی","email24@email.com","123","2025/10/21","","","","",NULL,"","2025-10-21 13:46:36","",""
"25","","محمد حسین","موذن زاده","email25@email.com","123","2025/10/21","","","","",NULL,"","2025-10-21 13:46:36","",""
"26","","عباس","بختیاری","email26@email.com","123","2025/10/21","","","","",NULL,"","2025-10-21 13:46:36","",""
"27","","علیرضا","صفی لو","email27@email.com","123","2025/10/21","","","","",NULL,"","2025-10-21 13:46:36","",""
"28","","حمید","دشتگرد","email28@email.com","123","2025/10/21","","","","",NULL,"","2025-10-21 13:46:36","",""
"29","","کبیر","مجیدی پور","email29@email.com","123","2025/10/21","","","","",NULL,"","2025-10-21 13:46:36","",""
"30","","محمد","احمدپور","email30@email.com","123","2025/10/21","","","","",NULL,"","2025-10-21 13:46:36","",""
"31","","حمیدرضا","سلمانی","email31@email.com","123","2025/10/21","","","","",NULL,"","2025-10-21 13:46:36","",""
"32","","حدیثه","یکه فلاح","email32@email.com","123","2025/10/21","","","","",NULL,"","2025-10-21 13:46:36","",""
"33","","لیلا","اینانلو","email33@email.com","123","2025/10/21","","","","",NULL,"","2025-10-21 13:46:36","",""
"34","","الهام","عرب زاده اسماعیلی","email34@email.com","123","2025/10/21","","","","",NULL,"","2025-10-21 13:46:36","",""
"35","","فاطمه","جاهد","email35@email.com","123","2025/10/21","","","","",NULL,"","2025-10-21 13:46:36","",""
"36","","فرزانه","تک زارع","email36@email.com","123","2025/10/21","","","","",NULL,"","2025-10-21 13:46:36","",""
"37","","QwErTyUiPaSdFgHjKzXcVbNm","ali313","email37@email.com","123","2025/10/21","","","","",NULL,"","2025-10-21 13:46:36","",""
"38","Male","مهندس","یارکه","email38@email.com","123","2025/10/21","","","","",NULL,"","2025-10-21 13:46:36","",""
"39","Male","مهندس","مومن کیایی","email39@email.com","123","2025/10/21","","","","",NULL,"","2025-10-21 13:46:36","",""
"40","Female","مهندس","دلاوری","email40@email.com","123","2025/10/21","","","","",NULL,"","2025-10-21 13:46:36","",""
"41","Male","علی","خدری","email41@email.com","123","2025/10/21","","","","",NULL,"","2025-10-21 13:46:36","",""
"42","Male","اباالفضل","کیایی","email42@email.com","123","2025/10/21","","","","",NULL,"","2025-10-21 13:46:36","",""
"43","","رضا","صدیقی","email43@email.com","123","2025/10/21","","","","",NULL,"","2025-10-21 13:46:36","",""
"44","","حسین","مرتضوی","email44@email.com","123","2025/10/21","","","","",NULL,"","2025-10-21 13:46:36","",""
"45","","سجاد","نجفی","email45@email.com","123","2025/10/21","","","","",NULL,"","2025-10-21 13:46:36","",""
