"id","name","description","status","tags","created_by","created_at","updated_at","deleted_at"
"1","1403/08","","",NULL,"","2025-10-18 12:46:26","",""
"2","1403/09","","",NULL,"","2025-10-18 12:46:26","",""
"3","1403/10","","",NULL,"","2025-10-18 12:46:26","",""
"4","1403/11","","",NULL,"","2025-10-18 12:46:26","",""
"5","1404/01b","","",NULL,"","2025-10-18 12:46:26","",""
"6","1404/02f","","",NULL,"","2025-10-18 12:46:26","",""
"7","1404/02","","",NULL,"","2025-10-18 12:46:26","",""
"8","1404/03f","","",NULL,"","2025-10-18 12:46:26","",""
"9","1404/03","","",NULL,"","2025-10-18 12:46:26","",""
"10","1404/04","","",NULL,"","2025-10-18 12:46:26","",""
"11","1404/05","","",NULL,"","2025-10-18 12:46:26","",""
"12","1404/06","","",NULL,"","2025-10-18 12:46:26","",""
